feature,mean_abs_shap
soil_age_class,0.3121378312216074
irrigation,0.20391738638489282
area,0.08110822019707081
potassium_class,0.07326392923369957
previous_crop_share,0.07029038723286381
previous_crop,0.07000181622745644
bonitet,0.0490822304802949
soil_mechanics,0.04622484617754284
land_use,0.03378115901790629
temperature_09,0.02821598407840139
phosphorus_class,0.025842986971379506
temperature_03,0.022442505675785453
temperature_04,0.019329850894175257
winter_min_c,0.017291565279647824
humus_class,0.016879857993806768
gdd10,0.016039477057939282
temperature_07,0.01596404300059739
temperature_11,0.014460545437922936
et0_07,0.014435251129861222
temperature_06,0.013691918841913356
et0_08,0.013039469383410211
temperature_10,0.012951195065574154
temperature_01,0.012567774074376344
temperature_12,0.012328584764270635
et0_02,0.011652523602102673
soil_data_quality,0.011341941607460642
phosphorus,0.01124575153564846
temperature_08,0.010900362591963775
temperature_02,0.010764925723788926
rain_03,0.009402875076479937
et0_10,0.00883182514350806
climate_dT,0.008106558712533489
temperature_05,0.007617598503107916
aspect_sin,0.007366217680949742
rain_01,0.007351842711757766
fah,0.00715167641663553
et0_11,0.006909892815929909
elevation,0.006655331600105319
salinity_class,0.006376245534448809
hot_days,0.0060936773039102846
rain_09,0.005661305013365218
et0_12,0.005027659862450614
et0_06,0.004950698775303074
rain_04,0.004904552309343226
rain_02,0.004903457436808487
rain_07,0.004713364579775126
potassium,0.004529233474773965
aspect_cos,0.0042307601499633665
rain_05,0.004206773686687895
humus,0.0038482722636354045
rain_08,0.0037195437516396404
rain_10,0.003164682020022399
annual_water_deficit,0.003030785379937472
et0_03,0.0028459897209915596
annual_rain,0.0026917067881382815
rain_12,0.0017531978364492297
rain_06,0.001631154079756853
slope,0.0012380230361135466
et0_01,0.0
et0_04,0.0
et0_05,0.0
rain_11,0.0
annual_et0,0.0
et0_09,0.0
frost_free_days,0.0
late_spring_frost_years,0.0
