feature,importance
soil_age_class,25.872792509255742
irrigation,12.022812437000232
area,6.108955175673638
previous_crop,5.6070368802414405
bonitet,5.378962652907071
potassium_class,5.073935661841455
previous_crop_share,4.901352810751524
soil_mechanics,2.8651905191810916
temperature_09,2.10360025148881
temperature_04,1.93859755544867
land_use,1.831557497589934
temperature_03,1.758530596082323
phosphorus_class,1.457036458533998
gdd10,1.4151118481069267
humus_class,1.1337609243457218
temperature_10,1.124409833510897
temperature_06,1.0829431052105571
temperature_08,1.003723903624646
temperature_01,0.9852770987249322
rain_01,0.9195158267237312
temperature_11,0.898698166260707
temperature_12,0.8422301182444587
et0_07,0.8225639054869115
temperature_07,0.813199102661117
et0_02,0.7206255088692448
winter_min_c,0.6701566453653032
climate_dT,0.6698045296576455
fah,0.663252944439894
et0_10,0.6546454591684852
temperature_02,0.6532786047543143
rain_03,0.6171007316712218
temperature_05,0.5450148202235782
et0_08,0.5435272803781097
phosphorus,0.5054021110701077
soil_data_quality,0.4865699531052549
potassium,0.39659343830307503
aspect_sin,0.3576013209756224
humus,0.3559536949153574
et0_11,0.3558904425723394
rain_05,0.32905875538744084
salinity_class,0.325851787023441
hot_days,0.3176048010812375
rain_07,0.3163105049407286
rain_09,0.30890823175837856
elevation,0.2743402436205787
rain_04,0.2708517880545119
et0_12,0.26157736989690406
et0_06,0.2565061232515986
rain_02,0.19943389331596423
rain_08,0.18399340393381988
annual_water_deficit,0.1738701469620289
rain_10,0.16598567281082632
aspect_cos,0.13524648181035298
et0_03,0.08831618060498189
rain_12,0.07730800282271615
slope,0.06489785042908328
annual_rain,0.051667412671677224
rain_06,0.041059025257607934
rain_11,0.0
et0_01,0.0
et0_04,0.0
et0_05,0.0
annual_et0,0.0
frost_free_days,0.0
et0_09,0.0
late_spring_frost_years,0.0
